{"cameraMode":{"drawMode":0,"name":"Shaded","section":"Shading Mode"},"sceneLighting":false,"audioPlay":false,"sceneViewState":{"m_AlwaysRefresh":false,"showFog":true,"showSkybox":false,"showFlares":true,"showImageEffects":true,"showParticleSystems":true,"showVisualEffectGraphs":true,"m_FxEnabled":true},"in2DMode":false,"pivot":{"x":3.5353031158447267,"y":4.996097564697266,"z":0.2705502510070801},"rotation":{"x":-0.0016406967770308257,"y":-0.6307576894760132,"z":0.0008597385021857917,"w":-0.7754973769187927},"size":9.670942306518555,"orthographic":false}