{"cameraMode":{"drawMode":0,"name":"Shaded","section":"Shading Mode"},"sceneLighting":false,"audioPlay":false,"sceneViewState":{"m_AlwaysRefresh":false,"showFog":true,"showSkybox":false,"showFlares":true,"showImageEffects":true,"showParticleSystems":true,"showVisualEffectGraphs":true,"m_FxEnabled":true},"in2DMode":false,"pivot":{"x":0.048674941062927249,"y":-425.60784912109377,"z":511.326904296875},"rotation":{"x":-0.3383401036262512,"y":0.0007236224482767284,"z":0.00114691152703017,"w":-0.9405522346496582},"size":355.8458251953125,"orthographic":false}